email,skill
Roberta.Pozzy@gmail.com,doctor
Bernie.Wattenberg@gmail.com,developer
Nollie.Lilybelle@gmail.com,police officer
Bee.Roxanna@gmail.com,doctor
Codie.Martguerita@gmail.com,worker
Korrie.Ochs@gmail.com,doctor
Courtnay.Hertzfeld@gmail.com,firefighter
Ebonee.Revkah@gmail.com,developer
Carlie.Pillsbury@gmail.com,firefighter
Trudie.Rhu@gmail.com,worker
Bee.Swigart@gmail.com,firefighter
Chloris.Chinua@gmail.com,police officer
Catrina.Clywd@gmail.com,firefighter
Amara.Ophelia@gmail.com,developer
Misha.Alfons@gmail.com,worker
Phylis.Kaja@gmail.com,developer
Evaleen.Teryn@gmail.com,developer
Libbie.Thema@gmail.com,worker
Ellette.Marden@gmail.com,worker
Minne.Ariella@gmail.com,doctor
Margarette.Nedrud@gmail.com,doctor
Raf.Kirbee@gmail.com,firefighter
Winny.Killigrew@gmail.com,developer
Layla.Zitvaa@gmail.com,worker
yopmail.com,Zsa Zsa.Gemini@gmail.com,worker
yopmail.com,Sara-Ann.Keily@gmail.com,doctor
Diena.Giule@gmail.com,worker
Dione.Keelia@gmail.com,worker
Paule.Gamaliel@gmail.com,developer
Angelique.Trey@gmail.com,developer
Mamie.Hutchison@gmail.com,worker
Fayre.Brotherson@gmail.com,firefighter
Aaren.Anderea@gmail.com,firefighter
Karina.Ezar@gmail.com,doctor
Heddie.Iphlgenia@gmail.com,doctor
Charissa.Dulciana@gmail.com,firefighter
Heddie.Bobbee@gmail.com,developer
Dennie.Morrill@gmail.com,worker
Taffy.Brackely@gmail.com,doctor
Annice.Ferino@gmail.com,worker
Jacenta.Sallyann@gmail.com,developer
Sue.Claudine@gmail.com,worker
Bobbi.Frendel@gmail.com,worker
Layla.Hoban@gmail.com,police officer
Fayre.Boycey@gmail.com,worker
Shaylyn.Willie@gmail.com,firefighter
Feliza.Kinnard@gmail.com,doctor
Dagmar.Hewitt@gmail.com,police officer
Sandie.Adlare@gmail.com,firefighter
Melodie.Edmund@gmail.com,firefighter
Krystle.Allina@gmail.com,developer
Dyann.Rogerio@gmail.com,doctor
Bibby.Drisko@gmail.com,police officer
Barbara.Cornelia@gmail.com,worker
Constance.Verger@gmail.com,worker
Myrtice.Anis@gmail.com,developer
Anthia.Chobot@gmail.com,police officer
Berta.Hilbert@gmail.com,worker
Hollie.Rugen@gmail.com,developer
Amalie.Hachmin@gmail.com,doctor
Dawn.Bouchard@gmail.com,police officer
Rebeca.Screens@gmail.com,police officer
Fernande.Saree@gmail.com,developer
Jessy.Persse@gmail.com,developer
Albertina.Jalbert@gmail.com,worker
Atlanta.Middleton@gmail.com,developer
Sherrie.Khorma@gmail.com,developer
Tarra.Evangelia@gmail.com,police officer
Anestassia.Kermit@gmail.com,firefighter
Quintina.Payson@gmail.com,police officer
Wendi.Hirsch@gmail.com,firefighter
Sam.Wattenberg@gmail.com,developer
Dennie.Milson@gmail.com,worker
Bertine.Skell@gmail.com,developer
Clo.Tybald@gmail.com,developer
Clary.Annice@gmail.com,doctor
Aaren.Primalia@gmail.com,worker
Rosabelle.Douglass@gmail.com,police officer
Kathy.Donoghue@gmail.com,developer
Nannie.Lytton@gmail.com,developer
Mariele.Franza@gmail.com,police officer
Kenna.Weide@gmail.com,police officer
Hermione.Scammon@gmail.com,firefighter
Veda.Delila@gmail.com,doctor
Doro.Lareena@gmail.com,doctor
Charissa.Bearnard@gmail.com,developer
Emylee.Nunci@gmail.com,firefighter
Nicoli.Serilda@gmail.com,worker
Nikki.Dichy@gmail.com,police officer
Doralynne.Belanger@gmail.com,worker
Fredericka.Lay@gmail.com,worker
Tomasina.Fax@gmail.com,firefighter
Robinia.Romelda@gmail.com,worker
yopmail.com,Ann-Marie.Wadell@gmail.com,police officer
Andree.Pettiford@gmail.com,doctor
Rhoda.McNully@gmail.com,doctor
Ermengarde.Graig@gmail.com,doctor
Frances.Duwalt@gmail.com,police officer
Daphne.Boehike@gmail.com,police officer
Peri.Ethban@gmail.com,developer
Orsola.Suzetta@gmail.com,developer
Lisette.Aurelio@gmail.com,firefighter
Genevra.Emmy@gmail.com,worker
Angelique.Keelia@gmail.com,developer
Emelina.Zaslow@gmail.com,doctor
Jaclyn.Marisa@gmail.com,developer
Shannah.Chandler@gmail.com,worker
Leona.Tamar@gmail.com,police officer
Tybie.Othilia@gmail.com,doctor
Elsie.Morrill@gmail.com,worker
Kellen.Millda@gmail.com,developer
Brianna.Desai@gmail.com,doctor
Hallie.Philoo@gmail.com,developer
Modestia.Rurik@gmail.com,doctor
Rubie.Alisia@gmail.com,firefighter
Corene.Hathaway@gmail.com,police officer
Aurore.Doig@gmail.com,developer
Sarette.Maroney@gmail.com,police officer
Cyndie.Emerson@gmail.com,worker
Jasmina.Eno@gmail.com,firefighter
Frances.Kristi@gmail.com,firefighter
Mamie.Weaks@gmail.com,worker
Konstance.Amasa@gmail.com,police officer
Lynde.Elsinore@gmail.com,doctor
Etta.Tacye@gmail.com,developer
Gui.Nea@gmail.com,worker
Gaylene.Kaja@gmail.com,firefighter
Aeriela.Saint@gmail.com,police officer
Annecorinne.Jess@gmail.com,police officer
Brandise.Stefa@gmail.com,doctor
Ronna.Baptlsta@gmail.com,worker
Miquela.Bibi@gmail.com,doctor
Paule.Marijo@gmail.com,firefighter
Gale.Schalles@gmail.com,doctor
Edyth.Christal@gmail.com,worker
Bill.Edison@gmail.com,doctor
Felice.Kress@gmail.com,developer
Norine.Fillbert@gmail.com,police officer
Marti.Freddi@gmail.com,developer
Brandise.Rosette@gmail.com,firefighter
Therine.Ledah@gmail.com,doctor
Mireielle.Han@gmail.com,doctor
Ketti.Abbot@gmail.com,developer
Vivia.Rona@gmail.com,police officer
Cathie.Aurelio@gmail.com,doctor
Arlena.Dreda@gmail.com,doctor
Beverley.Peg@gmail.com,doctor
Roslyn.Magdalen@gmail.com,doctor
Ethel.Secrest@gmail.com,worker
Jemie.Jorgan@gmail.com,police officer
Alleen.Ioab@gmail.com,worker
Ezmeralda.Adamsen@gmail.com,police officer
Kalina.Gaynor@gmail.com,worker
Collen.Himelman@gmail.com,doctor
Brana.Koehler@gmail.com,developer
Arlina.Belanger@gmail.com,doctor
Henriette.Israeli@gmail.com,firefighter
Gabi.Huggins@gmail.com,developer
Susan.Selway@gmail.com,police officer
Ebonee.Frendel@gmail.com,developer
Shandie.Olin@gmail.com,developer
Paule.Lorenz@gmail.com,developer
Phedra.Maribeth@gmail.com,firefighter
Perry.Durante@gmail.com,developer
Justinn.Shields@gmail.com,worker
Alisha.Urias@gmail.com,firefighter
Annabela.Rheingold@gmail.com,worker
Willetta.Romelda@gmail.com,police officer
Misha.Durante@gmail.com,developer
Adelle.Denis@gmail.com,developer
Ninnetta.Kamaria@gmail.com,police officer
Orelia.Sherfield@gmail.com,doctor
Nataline.Azeria@gmail.com,police officer
Stacey.Timon@gmail.com,firefighter
Kirbee.Daveta@gmail.com,doctor
Gertrud.Noam@gmail.com,police officer
Mamie.Graig@gmail.com,worker
Josephine.Hamil@gmail.com,doctor
Janenna.Mullane@gmail.com,developer
Cissiee.Faro@gmail.com,doctor
Emmey.Tengdin@gmail.com,developer
Patricia.Saint@gmail.com,firefighter
Aryn.Kiersten@gmail.com,doctor
Cristine.Bahr@gmail.com,doctor
Sibella.Suk@gmail.com,worker
Jobi.Buttaro@gmail.com,doctor
Cissiee.Carolin@gmail.com,police officer
Ira.Wooster@gmail.com,firefighter
Joane.Lumbard@gmail.com,police officer
Britni.Bebe@gmail.com,developer
Eve.Faust@gmail.com,doctor
Merci.Juan@gmail.com,developer
Chastity.Craggie@gmail.com,developer
Demetris.Mike@gmail.com,doctor
Zondra.Henebry@gmail.com,developer
Renae.Dudley@gmail.com,developer
Yolane.Erlandson@gmail.com,police officer
Tobe.Gale@gmail.com,developer
Cecile.Prouty@gmail.com,worker
Evaleen.Bettine@gmail.com,worker
Merle.Zetta@gmail.com,firefighter
Elyssa.Niccolo@gmail.com,worker
Ebonee.Kare@gmail.com,firefighter
Brietta.Pozzy@gmail.com,doctor
Ardeen.Baylor@gmail.com,worker
Cathyleen.Barrus@gmail.com,police officer
Bobinette.Norrie@gmail.com,doctor
Kamilah.Schonfeld@gmail.com,firefighter
Minda.Autrey@gmail.com,developer
Ebonee.Jerold@gmail.com,developer
Rivalee.Emanuel@gmail.com,doctor
Amii.Ailyn@gmail.com,firefighter
Kayla.Hessler@gmail.com,doctor
Karly.Harl@gmail.com,police officer
Tera.Mayeda@gmail.com,doctor
Therine.Aaberg@gmail.com,worker
Lynnea.Camden@gmail.com,worker
Lita.Ries@gmail.com,police officer
Jean.Gilbertson@gmail.com,firefighter
Doro.Pauly@gmail.com,worker
Clary.Peti@gmail.com,developer
Benita.Claudine@gmail.com,police officer
Ana.Ummersen@gmail.com,police officer
Hildegaard.Linskey@gmail.com,doctor
Goldie.Schroth@gmail.com,firefighter
Ardys.Ephrem@gmail.com,firefighter
Esmeralda.Cullin@gmail.com,firefighter
Rhea.Alice@gmail.com,firefighter
Rebeca.Lorenz@gmail.com,developer
Phylis.Naashom@gmail.com,worker
Raquela.Erskine@gmail.com,developer
Gretal.Tyson@gmail.com,firefighter
Hayley.Kesley@gmail.com,police officer
Concettina.Hubert@gmail.com,doctor
Ruthe.Ciro@gmail.com,doctor
Susette.Ariella@gmail.com,firefighter
Allis.Quent@gmail.com,developer
Gertrud.Reidar@gmail.com,doctor
Ana.Ammann@gmail.com,developer
Lorne.Trey@gmail.com,firefighter
Bettine.Schroth@gmail.com,doctor
Tressa.Ovid@gmail.com,developer
Ginnie.Klemperer@gmail.com,firefighter
Gaylene.Nadia@gmail.com,firefighter
Cecile.Rillings@gmail.com,worker
Britte.Mata@gmail.com,police officer
Mariann.Alisia@gmail.com,developer
Glenda.Fiann@gmail.com,worker
Ira.Letsou@gmail.com,firefighter
Roslyn.Dannye@gmail.com,developer
Fernande.Obed@gmail.com,doctor
Jackie.Zina@gmail.com,developer
Julieta.Keily@gmail.com,police officer
Jinny.Euridice@gmail.com,police officer
Myriam.Reidar@gmail.com,firefighter
Lily.Weaks@gmail.com,police officer
Brietta.Carbo@gmail.com,doctor
Renae.Raffo@gmail.com,worker
Allis.Engdahl@gmail.com,firefighter
Cathyleen.Mendez@gmail.com,police officer
Flory.Lareena@gmail.com,firefighter
Berta.Presber@gmail.com,firefighter
Aurore.Adalbert@gmail.com,developer
Viki.Richers@gmail.com,worker
Frank.Poll@gmail.com,developer
Consuela.Alice@gmail.com,police officer
Wynne.Stelle@gmail.com,worker
Anica.Lindemann@gmail.com,doctor
Winny.Hirsch@gmail.com,worker
Rebeca.Fillbert@gmail.com,firefighter
Shandie.Winnick@gmail.com,developer
Marylou.Knowling@gmail.com,police officer
Cathyleen.Gombach@gmail.com,doctor
Carmela.Serilda@gmail.com,doctor
Althea.Lipson@gmail.com,doctor
Deirdre.Kermit@gmail.com,doctor
Helsa.Maxi@gmail.com,doctor
Janenna.Jeanne@gmail.com,police officer
Dagmar.Olin@gmail.com,doctor
Carmencita.Elo@gmail.com,developer
Lanna.Anestassia@gmail.com,police officer
Ira.Prober@gmail.com,police officer
Margalo.Grosz@gmail.com,firefighter
Justinn.Ramona@gmail.com,police officer
Modestia.Huggins@gmail.com,doctor
Betta.Stav@gmail.com,developer
Suzette.Wittie@gmail.com,doctor
Viviene.Demitria@gmail.com,doctor
Flo.Ahab@gmail.com,doctor
Carlie.Glenden@gmail.com,police officer
Celene.Giff@gmail.com,doctor
Joeann.Huggins@gmail.com,worker
Gui.Tjon@gmail.com,police officer
Abbie.Allina@gmail.com,developer
Sallie.Izaak@gmail.com,worker
Deane.Orelee@gmail.com,worker
Patricia.Juliet@gmail.com,firefighter
Carmela.Grayce@gmail.com,developer
Danny.Fairweather@gmail.com,doctor
Gaylene.Primalia@gmail.com,worker
Ursulina.Travax@gmail.com,worker
Teddie.Billye@gmail.com,doctor
Berget.Daniele@gmail.com,doctor
Clementine.Stacy@gmail.com,police officer
Annabela.Croix@gmail.com,police officer
Odessa.Johanna@gmail.com,developer
Tersina.Gilbertson@gmail.com,police officer
Eugine.Zuzana@gmail.com,developer
Desirae.Sabella@gmail.com,doctor
Paule.Ammann@gmail.com,doctor
Nita.Malanie@gmail.com,worker
Jacenta.Bandeen@gmail.com,police officer
Ida.Stover@gmail.com,doctor
Flory.Allys@gmail.com,developer
Gwenneth.Lalitta@gmail.com,worker
Philis.Atonsah@gmail.com,police officer
Lindie.McCutcheon@gmail.com,firefighter
Jaime.Prouty@gmail.com,police officer
Henriette.Creamer@gmail.com,firefighter
Pamella.Jerald@gmail.com,police officer
Robinia.Gregrory@gmail.com,developer
Merle.Frendel@gmail.com,firefighter
Fanny.Wyn@gmail.com,doctor
Amalie.Shirberg@gmail.com,police officer
Fredericka.Fax@gmail.com,developer
Stephanie.Olin@gmail.com,police officer
Janis.Salvidor@gmail.com,doctor
Magdalena.Therine@gmail.com,doctor
Nyssa.Dyche@gmail.com,firefighter
Jsandye.Sibyls@gmail.com,police officer
Allis.Cutlerr@gmail.com,developer
Viki.Elo@gmail.com,developer
Lulita.Ortrude@gmail.com,doctor
Nyssa.Tound@gmail.com,police officer
Cordi.Ferrell@gmail.com,developer
Modestia.Nea@gmail.com,developer
Nataline.Buttaro@gmail.com,firefighter
Angelique.Oster@gmail.com,developer
Valli.Leler@gmail.com,firefighter
Pollyanna.Yate@gmail.com,firefighter
Maisey.Louanna@gmail.com,police officer
Konstance.Tengdin@gmail.com,worker
Melodie.Lory@gmail.com,police officer
Luci.Levey@gmail.com,firefighter
Jaclyn.Weide@gmail.com,firefighter
Carly.Nore@gmail.com,police officer
Gusella.Lytton@gmail.com,police officer
Zaria.Seligman@gmail.com,firefighter
Sallie.Tayib@gmail.com,developer
Sashenka.Brodench@gmail.com,developer
Michaelina.Hunfredo@gmail.com,doctor
Leontine.Dom@gmail.com,doctor
Latisha.Wilkinson@gmail.com,developer
yopmail.com,Ann-Marie.Urania@gmail.com,doctor
Shaine.Ciapas@gmail.com,developer
Gwyneth.Beniamino@gmail.com,developer
Verla.Mike@gmail.com,developer
Lisette.Idelia@gmail.com,police officer
Andree.Darrell@gmail.com,doctor
Nananne.Shaddock@gmail.com,worker
yopmail.com,Sara-Ann.Lilybelle@gmail.com,firefighter
Karena.Baptlsta@gmail.com,worker
yopmail.com,Kara-Lynn.Raimondo@gmail.com,police officer
Carmencita.Nikaniki@gmail.com,worker
Cordi.Ball@gmail.com,firefighter
Elyssa.Tayib@gmail.com,doctor
Karena.Raffo@gmail.com,developer
Binny.Salvidor@gmail.com,doctor
Darci.Arvo@gmail.com,developer
yopmail.com,Kara-Lynn.Rogerio@gmail.com,doctor
Barbi.Eliathas@gmail.com,worker
Alexine.Swigart@gmail.com,police officer
Vevay.Chem@gmail.com,police officer
Orelia.Karylin@gmail.com,firefighter
Shannah.Redmond@gmail.com,developer
Agnese.Tannie@gmail.com,developer
Alyda.Oscar@gmail.com,doctor
Jessy.Gower@gmail.com,police officer
Daune.McAdams@gmail.com,doctor
Mariele.Gemini@gmail.com,firefighter
Reeba.Hailee@gmail.com,doctor
Lory.Ophelia@gmail.com,doctor
Lexine.Swigart@gmail.com,worker
Deane.Jehu@gmail.com,police officer
Judy.Ball@gmail.com,developer
Amalie.Pacorro@gmail.com,police officer
Coral.Ambrosia@gmail.com,police officer
Cam.Barbey@gmail.com,developer
Giustina.Lasley@gmail.com,police officer
Emelina.Manolo@gmail.com,doctor
Nickie.Buckler@gmail.com,doctor
Rori.Llovera@gmail.com,developer
Korrie.Rocray@gmail.com,firefighter
Feliza.Lorain@gmail.com,worker
Justinn.Arvo@gmail.com,doctor
Gilda.Ackerley@gmail.com,doctor
Letizia.LaRue@gmail.com,firefighter
Cherilyn.Anton@gmail.com,doctor
Madeleine.Gillan@gmail.com,police officer
Maurene.Anselmi@gmail.com,firefighter
Adore.Jacobah@gmail.com,police officer
Gwenneth.Suzetta@gmail.com,firefighter
Trixi.Johnsson@gmail.com,worker
Delilah.Han@gmail.com,police officer
Ingrid.Tjon@gmail.com,firefighter
Joeann.Dominy@gmail.com,firefighter
Cyndie.Natica@gmail.com,worker
Jinny.Pettiford@gmail.com,police officer
Coral.Lytton@gmail.com,developer
Damaris.Tacye@gmail.com,police officer
Gusty.Eldrid@gmail.com,doctor
Vanessa.Orlene@gmail.com,firefighter
Lita.Colbert@gmail.com,firefighter
Lexine.Radu@gmail.com,developer
Brynna.Daegal@gmail.com,worker
Edyth.Payson@gmail.com,developer
Elena.Elbertina@gmail.com,worker
Kellen.Malvino@gmail.com,worker
Tressa.Lucienne@gmail.com,developer
Jerry.Sinegold@gmail.com,police officer
Nicoli.Montgomery@gmail.com,police officer
Ginnie.Carmena@gmail.com,developer
Hyacinthe.Lynn@gmail.com,firefighter
Lanae.Longfellow@gmail.com,developer
Julieta.Cottle@gmail.com,firefighter
Kaja.Klemperer@gmail.com,doctor
Kristan.Nicoline@gmail.com,firefighter
Dione.Howlyn@gmail.com,developer
Violet.Anderea@gmail.com,worker
Dania.Bonucci@gmail.com,doctor
Albertina.Medrek@gmail.com,police officer
Brianna.Philoo@gmail.com,doctor
Queenie.Bohlin@gmail.com,doctor
Siana.Presber@gmail.com,developer
Reeba.Andrel@gmail.com,developer
Tonia.Pyle@gmail.com,developer
Leia.Pelagias@gmail.com,worker
Aimil.Jacobah@gmail.com,police officer
Nerta.Skurnik@gmail.com,police officer
Bill.Devlen@gmail.com,firefighter
Jolyn.Ciapas@gmail.com,worker
Averyl.Ardra@gmail.com,worker
Ashlee.Thad@gmail.com,doctor
Marti.Yate@gmail.com,police officer
Lonnie.Quent@gmail.com,firefighter
Harrietta.Moina@gmail.com,worker
Sonni.Toor@gmail.com,doctor
Renae.Bethany@gmail.com,police officer
Anallese.Carmena@gmail.com,worker
Melodie.Lauraine@gmail.com,developer
Rosene.Tengdin@gmail.com,developer
Emma.Bakerman@gmail.com,police officer
Joeann.Edmund@gmail.com,developer
Emilia.Pandolfi@gmail.com,firefighter
Consuela.Millda@gmail.com,firefighter
Dianemarie.Eben@gmail.com,doctor
Charlena.Cassius@gmail.com,developer
Adele.Constancy@gmail.com,firefighter
Rubie.Belanger@gmail.com,developer
Shell.Shama@gmail.com,doctor
Rebeca.Bouchard@gmail.com,worker
Lelah.Lalitta@gmail.com,developer
Zaria.McCutcheon@gmail.com,developer
Thalia.Mike@gmail.com,developer
Moyna.Audly@gmail.com,doctor
Arlina.Gabrielli@gmail.com,worker
Briney.Zaslow@gmail.com,firefighter
Adore.Denis@gmail.com,developer
Tatiania.Hashim@gmail.com,worker
Tatiania.Tamsky@gmail.com,worker
Mady.Dearborn@gmail.com,developer
Nataline.Gahl@gmail.com,police officer
Sindee.Sothena@gmail.com,developer
Katuscha.Richers@gmail.com,police officer
Eve.Thornburg@gmail.com,worker
Layla.Colp@gmail.com,worker
Jeanna.Clarissa@gmail.com,police officer
Jillayne.Jenness@gmail.com,firefighter
Ardys.Abernon@gmail.com,doctor
Tabbatha.Germann@gmail.com,worker
Cecile.Chapland@gmail.com,police officer
Jennica.Wilona@gmail.com,doctor
Yolane.Dom@gmail.com,firefighter
Gui.Weitman@gmail.com,developer
Merle.Audly@gmail.com,police officer
Dyann.Cornelia@gmail.com,police officer
Adore.Alwin@gmail.com,worker
Babita.Azeria@gmail.com,police officer
Harrietta.Geffner@gmail.com,police officer
Ardeen.Hepsibah@gmail.com,doctor
Bettine.Sisile@gmail.com,doctor
Blinni.Grosz@gmail.com,developer
Chloris.Ashok@gmail.com,doctor
Thalia.Sekofski@gmail.com,worker
Margarette.Haldas@gmail.com,police officer
Leontine.Narton@gmail.com,doctor
Therine.Jorgan@gmail.com,doctor
Cherilyn.Curren@gmail.com,firefighter
Nananne.Rurik@gmail.com,developer
Amelia.Vernier@gmail.com,doctor
Dorice.Greenwald@gmail.com,police officer
Rozele.Giff@gmail.com,firefighter
Marsiella.Joli@gmail.com,doctor
Lulita.Thilda@gmail.com,firefighter
Phedra.Germann@gmail.com,developer
Giustina.Weinreb@gmail.com,worker
Joy.Suk@gmail.com,worker
Therine.Francyne@gmail.com,developer
Inga.Burnside@gmail.com,doctor
Alameda.Gower@gmail.com,worker
Sibella.Bahr@gmail.com,doctor
Claresta.Gombach@gmail.com,developer
Jacquetta.Brady@gmail.com,firefighter
Winny.McLaughlin@gmail.com,police officer
Ginnie.Karl@gmail.com,worker
Kristina.Milson@gmail.com,developer
Helena.Creamer@gmail.com,police officer
Caryl.Tremayne@gmail.com,firefighter
Molli.Noman@gmail.com,worker
Judy.Niles@gmail.com,developer
Hope.Kiyoshi@gmail.com,firefighter
Rozele.Dichy@gmail.com,worker
Brooks.Masao@gmail.com,doctor
Rosene.Phi@gmail.com,firefighter
Camile.Stephie@gmail.com,firefighter
Annabela.Graig@gmail.com,doctor
Meg.Erb@gmail.com,police officer
Kaja.Adalbert@gmail.com,firefighter
Bertine.Bari@gmail.com,developer
Robbi.Jotham@gmail.com,worker
Jeanna.Bashemeth@gmail.com,police officer
Amara.Zrike@gmail.com,firefighter
Agathe.Tengdin@gmail.com,worker
Romona.Fadiman@gmail.com,police officer
Chastity.Dulciana@gmail.com,worker
Leia.Elisha@gmail.com,doctor
Lacie.Brenn@gmail.com,worker
Lacie.Maryanne@gmail.com,police officer
Dari.Nance@gmail.com,police officer
Jeanna.Anderea@gmail.com,police officer
Iseabal.Philoo@gmail.com,developer
Hettie.Peonir@gmail.com,developer
Christal.Suzetta@gmail.com,police officer
Dale.Newell@gmail.com,police officer
Dorice.Rubie@gmail.com,worker
Celene.Magdalen@gmail.com,police officer
Eugine.Gordon@gmail.com,developer
Ana.Thomasina@gmail.com,doctor
Rosaline.Ophelia@gmail.com,developer
Aimil.Anis@gmail.com,police officer
Eolanda.Liebermann@gmail.com,developer
Ottilie.Felecia@gmail.com,firefighter
Gabi.Bearnard@gmail.com,police officer
Rubie.Lamoree@gmail.com,police officer
Eolanda.Arne@gmail.com,developer
Peri.Engdahl@gmail.com,worker
Zia.Jacqui@gmail.com,developer
Adelle.Modie@gmail.com,worker
Albertina.Ellord@gmail.com,police officer
Siana.Frodi@gmail.com,doctor
Binny.McCutcheon@gmail.com,firefighter
Helena.Rad@gmail.com,doctor
Concettina.Marden@gmail.com,police officer
Lenna.Lail@gmail.com,police officer
Renie.Phaidra@gmail.com,doctor
Wileen.Howlyn@gmail.com,firefighter
Pamella.Callista@gmail.com,developer
Merry.Vastah@gmail.com,developer
Raina.Rubie@gmail.com,firefighter
Regina.Diann@gmail.com,police officer
Courtnay.Jerold@gmail.com,firefighter
Orelia.Korey@gmail.com,firefighter
Hallie.Soneson@gmail.com,police officer
Shell.Dom@gmail.com,developer
Blinni.Gregrory@gmail.com,worker
Marleah.Natalia@gmail.com,worker
Donetta.Roscoe@gmail.com,firefighter
Valeda.Weide@gmail.com,police officer
Morganica.Earlie@gmail.com,developer
Kayla.Leonard@gmail.com,police officer
Chickie.Rese@gmail.com,developer
Joeann.Urias@gmail.com,firefighter
Tori.Dielu@gmail.com,police officer
Di.Haldas@gmail.com,developer
Yetty.Cornelia@gmail.com,firefighter
Gwenneth.Erskine@gmail.com,doctor
Helsa.Jacqui@gmail.com,firefighter
Frank.Hubert@gmail.com,worker
Angela.Argus@gmail.com,doctor
Teddie.Niles@gmail.com,firefighter
Gisela.Lymann@gmail.com,police officer
Marsiella.Thomasina@gmail.com,worker
Arabel.Thunell@gmail.com,developer
Odessa.Tound@gmail.com,firefighter
Tatiania.Dermott@gmail.com,worker
Siana.Irmine@gmail.com,worker
Verla.Thema@gmail.com,worker
Clarice.Niccolo@gmail.com,worker
Tomasina.Amand@gmail.com,worker
Elfreda.Faro@gmail.com,developer
Codie.Korey@gmail.com,firefighter
Agathe.Thunell@gmail.com,doctor
Orsola.Seumas@gmail.com,developer
Annaliese.Wareing@gmail.com,worker
Ofilia.Guildroy@gmail.com,developer
Dode.Calhoun@gmail.com,police officer
Tami.Palocz@gmail.com,doctor
Kelly.Aldric@gmail.com,firefighter
Carilyn.Adrienne@gmail.com,police officer
Kate.Dawkins@gmail.com,worker
Pollyanna.Jerald@gmail.com,developer
Rebeca.Torray@gmail.com,firefighter
Jacenta.Edvard@gmail.com,police officer
Chastity.Gibbeon@gmail.com,developer
Sarette.McAdams@gmail.com,doctor
Melisent.Arvo@gmail.com,doctor
Robinia.Karl@gmail.com,police officer
Genovera.Trace@gmail.com,firefighter
Danika.Brandice@gmail.com,worker
Kassey.Aldric@gmail.com,firefighter
Rebeca.Payson@gmail.com,worker
Dania.Iphlgenia@gmail.com,firefighter
Marline.Fax@gmail.com,worker
Kenna.Harned@gmail.com,firefighter
Gloria.Ax@gmail.com,police officer
Meghann.Tryck@gmail.com,doctor
Ira.Dahlia@gmail.com,police officer
Lauryn.Graig@gmail.com,developer
Concettina.Saunderson@gmail.com,worker
Blake.Japeth@gmail.com,firefighter
Benita.Vanni@gmail.com,developer
Janey.Miru@gmail.com,police officer
Joane.Presber@gmail.com,firefighter
Kathi.Drus@gmail.com,developer
Susette.Merriott@gmail.com,firefighter
Candi.Beebe@gmail.com,developer
Coral.Bigner@gmail.com,police officer
Alex.Thilda@gmail.com,firefighter
Teriann.Dannye@gmail.com,doctor
Sissy.Chabot@gmail.com,police officer
Tonia.Eckblad@gmail.com,developer
Gertrud.Thar@gmail.com,police officer
Giustina.Karl@gmail.com,doctor
Damaris.Matthew@gmail.com,firefighter
Emilia.Raama@gmail.com,doctor
Jessy.Bergman@gmail.com,firefighter
Letizia.Wilkinson@gmail.com,developer
Adele.Gert@gmail.com,firefighter
Marita.Podvin@gmail.com,firefighter
Cristabel.Philoo@gmail.com,developer
Shannah.Alejoa@gmail.com,developer
Lusa.Bluh@gmail.com,worker
Nelle.Thunell@gmail.com,police officer
Dulcinea.Astra@gmail.com,doctor
Vevay.Berne@gmail.com,worker
Louella.Howlyn@gmail.com,developer
Marita.Neils@gmail.com,worker
Kenna.Orlene@gmail.com,developer
Elise.Alva@gmail.com,doctor
Coral.Sigfrid@gmail.com,police officer
Jacquetta.Wiener@gmail.com,doctor
Lory.Primalia@gmail.com,firefighter
Damaris.Tice@gmail.com,police officer
Albertina.Gaulin@gmail.com,doctor
Karly.Cottle@gmail.com,firefighter
Karly.Bury@gmail.com,firefighter
Tabbatha.Amadas@gmail.com,worker
Charissa.Kylander@gmail.com,police officer
Cherilyn.Bultman@gmail.com,developer
Lucy.Zitvaa@gmail.com,developer
Lory.Christine@gmail.com,police officer
Kaja.Adalbert@gmail.com,developer
Mureil.Codding@gmail.com,doctor
Rozele.Aida@gmail.com,doctor
Jobi.Desai@gmail.com,worker
Ardys.Brodench@gmail.com,police officer
Camile.Ledah@gmail.com,firefighter
Stacey.Cottle@gmail.com,police officer
Dolli.Wittie@gmail.com,firefighter
Hallie.Alrich@gmail.com,developer
Millie.Wolfgram@gmail.com,worker
Wynne.Ezar@gmail.com,developer
Blake.Manolo@gmail.com,police officer
Shannah.Verger@gmail.com,developer
Amelia.Zachary@gmail.com,worker
Vita.Ambrosia@gmail.com,doctor
Elie.Holtz@gmail.com,firefighter
Nita.Angelis@gmail.com,doctor
Steffane.Andrel@gmail.com,worker
Gabriellia.Michella@gmail.com,firefighter
Tami.Tengdin@gmail.com,developer
Arabel.Maribeth@gmail.com,police officer
Oralee.Merat@gmail.com,police officer
Berget.Ajay@gmail.com,worker
Evaleen.Rona@gmail.com,doctor
Marcy.Danby@gmail.com,doctor
Jsandye.Lunsford@gmail.com,doctor
Ruthe.Craggie@gmail.com,developer
Jaime.Mehalek@gmail.com,doctor
Georgetta.Cordi@gmail.com,worker
Margalo.Havens@gmail.com,police officer
Kristina.Bigner@gmail.com,worker
Carmencita.Judye@gmail.com,firefighter
Queenie.Chobot@gmail.com,worker
Dotty.Noam@gmail.com,worker
Max.Sadowski@gmail.com,worker
Beatriz.Maples@gmail.com,police officer
Janeczka.Bergman@gmail.com,doctor
Orsola.Grimbly@gmail.com,doctor
Leia.Michella@gmail.com,doctor
Yvonne.Center@gmail.com,developer
Vinita.Edmund@gmail.com,firefighter
Paulita.Erich@gmail.com,doctor
Konstance.Sidonius@gmail.com,police officer
Vanessa.Macey@gmail.com,developer
Judy.Socha@gmail.com,doctor
Malina.Longfellow@gmail.com,developer
Cacilie.Honoria@gmail.com,worker
Barbara.Morehouse@gmail.com,firefighter
Peri.Faria@gmail.com,developer
Maud.Nester@gmail.com,doctor
Alyda.Sparhawk@gmail.com,doctor
Tomasina.Fairweather@gmail.com,doctor
Gratia.Suzetta@gmail.com,firefighter
Beverley.Love@gmail.com,worker
Donnie.My@gmail.com,doctor
Lelah.Giule@gmail.com,firefighter
yopmail.com,Kara-Lynn.Chabot@gmail.com,firefighter
Briney.Love@gmail.com,worker
Ulrike.Goth@gmail.com,firefighter
Nelle.Brady@gmail.com,firefighter
Cyndie.Lemuela@gmail.com,developer
Alyssa.Schwejda@gmail.com,firefighter
Norine.Bibi@gmail.com,worker
yopmail.com,Kara-Lynn.Rheingold@gmail.com,doctor
Sean.Sparhawk@gmail.com,worker
Deirdre.Dash@gmail.com,firefighter
Margarette.Hamil@gmail.com,police officer
Janis.Bakerman@gmail.com,police officer
Renie.Kermit@gmail.com,worker
Brana.Norvol@gmail.com,doctor
Carly.Martguerita@gmail.com,doctor
Shandie.Leary@gmail.com,developer
Jackie.Agle@gmail.com,developer
Viki.Genna@gmail.com,developer
Kimmy.Marisa@gmail.com,worker
Bertine.Teryn@gmail.com,firefighter
Lizzie.Waldron@gmail.com,firefighter
Meghann.Pauly@gmail.com,developer
Madeleine.Jerold@gmail.com,doctor
Tiffie.Ellerey@gmail.com,developer
Karina.Jerold@gmail.com,firefighter
Danika.Burnside@gmail.com,worker
Genovera.Wolfgram@gmail.com,doctor
Minda.Rebecka@gmail.com,worker
Betta.Sabella@gmail.com,worker
Marika.Killigrew@gmail.com,doctor
Allis.Hull@gmail.com,doctor
Eadie.Weide@gmail.com,firefighter
Lenna.Screens@gmail.com,police officer
Carmela.Hunfredo@gmail.com,firefighter
Merry.Stefa@gmail.com,police officer
Gertrud.Engdahl@gmail.com,firefighter
Ana.Billye@gmail.com,developer
Agnese.Avi@gmail.com,firefighter
Queenie.Chem@gmail.com,firefighter
Anestassia.Percy@gmail.com,worker
Florie.Sperling@gmail.com,developer
Rosene.Morehouse@gmail.com,worker
Romona.Bonilla@gmail.com,doctor
Taffy.Arvo@gmail.com,police officer
Ileana.Grosz@gmail.com,firefighter
Edyth.Vary@gmail.com,firefighter
Bettine.Lubin@gmail.com,doctor
Kenna.Schwejda@gmail.com,developer
Kate.Ball@gmail.com,police officer
Collen.Demitria@gmail.com,firefighter
Rozele.Sherrie@gmail.com,doctor
Veda.Klotz@gmail.com,worker
Leona.Gombach@gmail.com,doctor
Claudina.Romelda@gmail.com,police officer
Cyndie.Bouchard@gmail.com,doctor
Raina.Markman@gmail.com,developer
Ricky.Karna@gmail.com,firefighter
Karlee.Elsinore@gmail.com,developer
Ida.Hortensia@gmail.com,worker
Sabina.Rheingold@gmail.com,worker
Dorene.Quinn@gmail.com,doctor
Dolli.Pauly@gmail.com,police officer
Sean.Weide@gmail.com,worker
Lanna.Stevy@gmail.com,worker
Nickie.Rooney@gmail.com,police officer
Tami.Valoniah@gmail.com,developer
Sibella.Cristi@gmail.com,developer
Chloris.Irmine@gmail.com,worker
Elyssa.Beebe@gmail.com,worker
Calla.Beebe@gmail.com,firefighter
Randa.Si@gmail.com,developer
Jackie.Eliathas@gmail.com,worker
Jsandye.Telfer@gmail.com,firefighter
Marcelline.Afton@gmail.com,doctor
Priscilla.Adalbert@gmail.com,doctor
Loree.Wolfgram@gmail.com,police officer
Fred.Hoenack@gmail.com,developer
yopmail.com,Wanda.O'Neill@gmail.com,firefighter
Ivett.Hanleigh@gmail.com,doctor
Janeczka.Kravits@gmail.com,worker
Kate.Lesley@gmail.com,doctor
Charissa.Bultman@gmail.com,firefighter
Ashlee.Kiersten@gmail.com,worker
Steffane.Love@gmail.com,developer
Lucy.Keelia@gmail.com,worker
Sharlene.Marden@gmail.com,worker
Ketti.Nedrud@gmail.com,doctor
Di.McLaughlin@gmail.com,firefighter
Vita.Tarrant@gmail.com,police officer
Jacenta.Manolo@gmail.com,developer
Kalina.Brotherson@gmail.com,doctor
Glenda.Anselmi@gmail.com,doctor
Binny.Radu@gmail.com,police officer
Bertine.Tengdin@gmail.com,doctor
Marti.Bord@gmail.com,police officer
Nariko.Clara@gmail.com,worker
Sonni.Hedve@gmail.com,firefighter
Kathi.Carlson@gmail.com,firefighter
Rosene.Hoenack@gmail.com,police officer
Kassey.Pearse@gmail.com,worker
Ofilia.Donell@gmail.com,worker
Nelle.Maurine@gmail.com,worker
Concettina.Bohlin@gmail.com,firefighter
Jessy.Wattenberg@gmail.com,firefighter
Zia.Cressida@gmail.com,firefighter
Gaylene.Arvo@gmail.com,police officer
Raina.Schonfeld@gmail.com,worker
Vere.Iaverne@gmail.com,worker
Marjie.Brady@gmail.com,police officer
Lyssa.Wiener@gmail.com,firefighter
Brietta.Jagir@gmail.com,doctor
Nyssa.Ferino@gmail.com,doctor
Eolanda.Bonucci@gmail.com,police officer
Teddie.Giule@gmail.com,worker
Deane.Hourigan@gmail.com,police officer
Petronia.Levey@gmail.com,developer
Kittie.Ochs@gmail.com,firefighter
Rivalee.Dahlia@gmail.com,police officer
Luci.Smitt@gmail.com,police officer
Dawn.Hubert@gmail.com,police officer
Alia.Annice@gmail.com,developer
Katleen.Charmine@gmail.com,doctor
Tatiania.Daegal@gmail.com,worker
Brena.Nicoline@gmail.com,doctor
Kristina.Connelly@gmail.com,doctor
Moyna.Goerke@gmail.com,developer
Antonietta.Aprile@gmail.com,doctor
Loree.Heidt@gmail.com,police officer
Doro.Caitlin@gmail.com,firefighter
Mamie.Orelee@gmail.com,police officer
Hannis.Ietta@gmail.com,firefighter
Eadie.Fancie@gmail.com,firefighter
Daryl.Daveta@gmail.com,police officer
Nita.Boehike@gmail.com,developer
Cam.Hashim@gmail.com,firefighter
Jackie.Concha@gmail.com,developer
Vinita.Maxi@gmail.com,police officer
Annaliese.Zrike@gmail.com,developer
Joeann.Kare@gmail.com,firefighter
Kristan.Clie@gmail.com,firefighter
Fawne.Fredi@gmail.com,developer
Charissa.Winnick@gmail.com,worker
Sophia.Thornburg@gmail.com,worker
Jasmina.Travax@gmail.com,police officer
Coral.Clywd@gmail.com,developer
Bobbi.Mendez@gmail.com,worker
Kaia.Hubert@gmail.com,police officer
Roseline.Thornburg@gmail.com,developer
Riannon.Pascia@gmail.com,doctor
Tami.Primalia@gmail.com,firefighter
Courtnay.Talia@gmail.com,firefighter
Tilly.Rossner@gmail.com,firefighter
Leontine.Afton@gmail.com,police officer
Jemie.Nikaniki@gmail.com,firefighter
Kirbee.Jillane@gmail.com,police officer
Millie.Felecia@gmail.com,doctor
Lauryn.Darian@gmail.com,firefighter
Regina.Dreda@gmail.com,police officer
Dacia.Ludewig@gmail.com,developer
Gwenneth.Dosia@gmail.com,doctor
Feliza.Anderea@gmail.com,firefighter
Josephine.Brotherson@gmail.com,doctor
Nataline.Narton@gmail.com,firefighter
Willetta.Tippets@gmail.com,developer
Cherrita.Morgun@gmail.com,developer
Edee.Talia@gmail.com,worker
Marti.Matthew@gmail.com,developer
Camile.Elvyn@gmail.com,doctor
Doralynne.Garlinda@gmail.com,police officer
Rhea.Joli@gmail.com,doctor
Clary.LaRue@gmail.com,firefighter
Susan.Desai@gmail.com,worker
Nollie.Chauncey@gmail.com,developer
Rebeca.Thilda@gmail.com,worker
Pearline.Nelsen@gmail.com,police officer
Lynde.Lalitta@gmail.com,police officer
Kial.Natalia@gmail.com,worker
Marleah.Rodmann@gmail.com,doctor
Blinni.Kiyoshi@gmail.com,worker
Rosene.Donell@gmail.com,worker
Adriana.Voletta@gmail.com,worker
Deane.Judye@gmail.com,police officer
Caressa.Dreda@gmail.com,doctor
Brietta.Rudolph@gmail.com,developer
Lynea.Brady@gmail.com,worker
Olwen.Horan@gmail.com,developer
Molli.Naashom@gmail.com,developer
Ariela.Sammons@gmail.com,developer
Emma.Hartnett@gmail.com,developer
Roseline.Bebe@gmail.com,police officer
Gilligan.Cecile@gmail.com,developer
yopmail.com,Kara-Lynn.Lay@gmail.com,police officer
Corina.Vilma@gmail.com,firefighter
Karina.Sadowski@gmail.com,developer
Hallie.Diogenes@gmail.com,police officer
Lorne.Carolin@gmail.com,police officer
Lonnie.Greenwald@gmail.com,firefighter
Lorenza.Rebecka@gmail.com,developer
Lenna.Jenness@gmail.com,developer
Yolane.Waite@gmail.com,doctor
Rozele.Rooney@gmail.com,worker
Maisey.Abernon@gmail.com,developer
Quintina.Weitman@gmail.com,doctor
Jere.Leopold@gmail.com,worker
Dominga.Bultman@gmail.com,developer
Deane.Creamer@gmail.com,developer
Phedra.Marcellus@gmail.com,firefighter
Halette.Darbie@gmail.com,police officer
Mallory.Euridice@gmail.com,worker
Blake.Cath@gmail.com,developer
Elvira.Cassius@gmail.com,police officer
Angelique.Edvard@gmail.com,developer
Rayna.Eiser@gmail.com,police officer
Tami.Delila@gmail.com,worker
Bettine.Autrey@gmail.com,firefighter
Fayre.Darbie@gmail.com,worker
Netty.Croix@gmail.com,firefighter
Clementine.Giff@gmail.com,worker
Meghann.Orlene@gmail.com,worker
Aryn.Honoria@gmail.com,worker
Sibella.Ledah@gmail.com,doctor
Petronia.Douglass@gmail.com,firefighter
Allis.Uird@gmail.com,police officer
Cacilie.Baudin@gmail.com,worker
Berta.Land@gmail.com,developer
Ricky.Brodench@gmail.com,worker
Priscilla.Vale@gmail.com,worker
Libbie.Seagraves@gmail.com,doctor
Vita.Campball@gmail.com,doctor
Dominga.Quinn@gmail.com,doctor
Ebonee.Weaks@gmail.com,firefighter
Kaia.Belldas@gmail.com,police officer
Kimmy.Nadia@gmail.com,doctor
Veda.Gillan@gmail.com,worker
Belva.Fredi@gmail.com,firefighter
Emma.Oscar@gmail.com,firefighter
Maridel.Haymes@gmail.com,police officer
Vere.Doig@gmail.com,police officer
Priscilla.Kaete@gmail.com,doctor
Flory.Mathilde@gmail.com,firefighter
Roxane.Dorcy@gmail.com,police officer
Lisette.Shanley@gmail.com,worker
Edith.Amasa@gmail.com,developer
Ebonee.Prouty@gmail.com,worker
Lorne.Raimondo@gmail.com,doctor
Jere.Kristi@gmail.com,developer
Charlena.Dowski@gmail.com,worker
Giustina.Orpah@gmail.com,developer
Dolli.Ader@gmail.com,firefighter
Hayley.Marcellus@gmail.com,police officer
Reeba.Ruvolo@gmail.com,doctor
Corry.Vorster@gmail.com,police officer
Leia.Sasnett@gmail.com,police officer
Melisent.Girardo@gmail.com,doctor
Gerrie.Leopold@gmail.com,developer
Fanchon.Whittaker@gmail.com,worker
Carly.Garek@gmail.com,worker
Nita.Jena@gmail.com,police officer
Belva.Quinn@gmail.com,doctor
Gaylene.Eiser@gmail.com,worker
Jenda.Morgun@gmail.com,developer
Tybie.Goddard@gmail.com,worker
Devina.Rozanna@gmail.com,police officer
Anthia.Hoenack@gmail.com,worker
Randa.Florina@gmail.com,doctor
Peri.Philoo@gmail.com,police officer
Sam.Claudine@gmail.com,developer
Demetris.Obed@gmail.com,police officer
Dennie.Ledah@gmail.com,worker
Luci.Frodi@gmail.com,doctor
Netty.Laverne@gmail.com,worker
Caritta.Bow@gmail.com,doctor
Nyssa.Sasnett@gmail.com,worker