txid,timestamp,market
undefined,undefined,123
undefined,undefined,123
undefined,undefined,123
undefined,undefined,123
undefined,undefined,123
undefined,undefined,123
undefined,undefined,123
undefined,undefined,123
undefined,undefined,123
undefined,undefined,123
undefined,undefined,123
undefined,undefined,123
undefined,undefined,123
undefined,undefined,123
undefined,undefined,123
undefined,undefined,123
undefined,undefined,123
undefined,undefined,123
undefined,undefined,123
undefined,undefined,123
undefined,undefined,123
undefined,undefined,123
undefined,undefined,123
undefined,undefined,123
undefined,undefined,123
undefined,undefined,123
undefined,undefined,123
undefined,undefined,123
undefined,undefined,123
undefined,undefined,123
undefined,undefined,123
undefined,undefined,123
undefined,undefined,123
undefined,undefined,123
undefined,undefined,123
undefined,undefined,123
undefined,undefined,123
undefined,undefined,123
undefined,undefined,123
undefined,undefined,123
undefined,undefined,123
undefined,undefined,123
undefined,undefined,123
undefined,undefined,123
undefined,undefined,123
undefined,undefined,123
undefined,undefined,123
undefined,undefined,123
undefined,undefined,123
undefined,undefined,123
undefined,undefined,123
undefined,undefined,123
undefined,undefined,123
undefined,undefined,123
undefined,undefined,123
undefined,undefined,123
undefined,undefined,123
undefined,undefined,123
undefined,undefined,123
undefined,undefined,123
undefined,undefined,123
undefined,undefined,123
undefined,undefined,123
undefined,undefined,123
undefined,undefined,123
undefined,undefined,123
undefined,undefined,123
undefined,undefined,123
undefined,undefined,123
undefined,undefined,123
undefined,undefined,123
undefined,undefined,123
undefined,undefined,123
undefined,undefined,123
undefined,undefined,123
undefined,undefined,123
undefined,undefined,123
undefined,undefined,123
undefined,undefined,123
undefined,undefined,123
undefined,undefined,123
undefined,undefined,123
undefined,undefined,123
undefined,undefined,123
undefined,undefined,123
undefined,undefined,123
undefined,undefined,123
undefined,undefined,123
undefined,undefined,123
undefined,undefined,123
undefined,undefined,123
undefined,undefined,123
undefined,undefined,123
undefined,undefined,123
undefined,undefined,123
undefined,undefined,123
undefined,undefined,123
undefined,undefined,123
undefined,undefined,123
undefined,undefined,123
undefined,undefined,123
undefined,undefined,123
undefined,undefined,123
undefined,undefined,123
undefined,undefined,123
undefined,undefined,123
undefined,undefined,123
undefined,undefined,123
undefined,undefined,123
undefined,undefined,123
undefined,undefined,123
undefined,undefined,123
undefined,undefined,123
undefined,undefined,123
undefined,undefined,123
undefined,undefined,123
undefined,undefined,123
undefined,undefined,123
undefined,undefined,123
undefined,undefined,123
undefined,undefined,123
undefined,undefined,123
undefined,undefined,123
undefined,undefined,123
undefined,undefined,123
undefined,undefined,123
undefined,undefined,123
undefined,undefined,123
undefined,undefined,123
undefined,undefined,123
undefined,undefined,123
undefined,undefined,123
undefined,undefined,123
undefined,undefined,123
undefined,undefined,123
undefined,undefined,123
undefined,undefined,123
undefined,undefined,123
undefined,undefined,123
undefined,undefined,123
undefined,undefined,123
undefined,undefined,123
undefined,undefined,123
undefined,undefined,123
undefined,undefined,123
undefined,undefined,123
undefined,undefined,123
undefined,undefined,123
undefined,undefined,123
undefined,undefined,123
undefined,undefined,123
undefined,undefined,123
undefined,undefined,123
undefined,undefined,123
undefined,undefined,123
undefined,undefined,123
undefined,undefined,123
undefined,undefined,123
undefined,undefined,123
undefined,undefined,123
undefined,undefined,123
undefined,undefined,123
undefined,undefined,123
undefined,undefined,123
undefined,undefined,123
undefined,undefined,123
undefined,undefined,123
undefined,undefined,123
undefined,undefined,123
undefined,undefined,123
undefined,undefined,123
undefined,undefined,123
undefined,undefined,123
undefined,undefined,123
undefined,undefined,123
undefined,undefined,123
undefined,undefined,123
undefined,undefined,123
undefined,undefined,123
undefined,undefined,123
undefined,undefined,123
undefined,undefined,123
undefined,undefined,123
undefined,undefined,123
undefined,undefined,123
undefined,undefined,123
undefined,undefined,123
undefined,undefined,123
undefined,undefined,123
undefined,undefined,123
undefined,undefined,123
undefined,undefined,123
undefined,undefined,123
undefined,undefined,123
undefined,undefined,123
undefined,undefined,123
undefined,undefined,123
undefined,undefined,123
undefined,undefined,123
undefined,undefined,123
undefined,undefined,123
undefined,undefined,123
undefined,undefined,123
undefined,undefined,123
undefined,undefined,123
undefined,undefined,123
undefined,undefined,123
undefined,undefined,123
undefined,undefined,123
undefined,undefined,123
undefined,undefined,123
undefined,undefined,123
undefined,undefined,123
undefined,undefined,123
undefined,undefined,123
undefined,undefined,123
undefined,undefined,123
undefined,undefined,123
undefined,undefined,123
undefined,undefined,123
undefined,undefined,123
undefined,undefined,123
undefined,undefined,123
undefined,undefined,123
undefined,undefined,123
undefined,undefined,123
undefined,undefined,123
undefined,undefined,123
undefined,undefined,123
undefined,undefined,123
undefined,undefined,123
undefined,undefined,123
undefined,undefined,123
undefined,undefined,123
undefined,undefined,123
undefined,undefined,123
undefined,undefined,123
undefined,undefined,123
undefined,undefined,123
undefined,undefined,123
undefined,undefined,123
undefined,undefined,123
undefined,undefined,123
undefined,undefined,123
undefined,undefined,123
undefined,undefined,123
undefined,undefined,123
undefined,undefined,123
undefined,undefined,123
undefined,undefined,123
undefined,undefined,123
undefined,undefined,123
undefined,undefined,123
undefined,undefined,123
undefined,undefined,123
undefined,undefined,123
undefined,undefined,123
undefined,undefined,123
undefined,undefined,123
undefined,undefined,123
undefined,undefined,123
undefined,undefined,123
undefined,undefined,123
undefined,undefined,123
undefined,undefined,123
undefined,undefined,123
undefined,undefined,123
undefined,undefined,123
undefined,undefined,123
undefined,undefined,123
undefined,undefined,123
undefined,undefined,123
undefined,undefined,123
undefined,undefined,123
undefined,undefined,123
undefined,undefined,123
undefined,undefined,123
undefined,undefined,123
undefined,undefined,123
undefined,undefined,123
undefined,undefined,123
undefined,undefined,123
undefined,undefined,123
undefined,undefined,123
undefined,undefined,123
undefined,undefined,123
undefined,undefined,123
undefined,undefined,123
undefined,undefined,123
undefined,undefined,123
undefined,undefined,123
undefined,undefined,123
undefined,undefined,123
undefined,undefined,123
undefined,undefined,123
undefined,undefined,123
undefined,undefined,123
undefined,undefined,123
undefined,undefined,123
undefined,undefined,123
undefined,undefined,123
undefined,undefined,123
undefined,undefined,123
undefined,undefined,123
undefined,undefined,123
undefined,undefined,123
undefined,undefined,123
undefined,undefined,123
undefined,undefined,123
undefined,undefined,123
undefined,undefined,123
undefined,undefined,123
undefined,undefined,123
undefined,undefined,123
undefined,undefined,123
undefined,undefined,123
undefined,undefined,123
undefined,undefined,123
undefined,undefined,123
undefined,undefined,123
undefined,undefined,123
undefined,undefined,123
undefined,undefined,123
undefined,undefined,123
undefined,undefined,123
undefined,undefined,123
undefined,undefined,123
undefined,undefined,123
undefined,undefined,123
undefined,undefined,123
undefined,undefined,123
undefined,undefined,123
undefined,undefined,123
undefined,undefined,123
undefined,undefined,123
undefined,undefined,123
undefined,undefined,123
undefined,undefined,123
undefined,undefined,123
undefined,undefined,123
undefined,undefined,123
undefined,undefined,123
undefined,undefined,123
undefined,undefined,123
undefined,undefined,123
undefined,undefined,123
undefined,undefined,123
undefined,undefined,123
undefined,undefined,123
undefined,undefined,123
undefined,undefined,123
undefined,undefined,123
undefined,undefined,123
undefined,undefined,123
undefined,undefined,123
undefined,undefined,123
undefined,undefined,123
undefined,undefined,123
undefined,undefined,123
undefined,undefined,123
undefined,undefined,123
undefined,undefined,123
undefined,undefined,123
undefined,undefined,123
undefined,undefined,123
undefined,undefined,123
undefined,undefined,123
undefined,undefined,123
undefined,undefined,123
undefined,undefined,123
undefined,undefined,123
undefined,undefined,123
undefined,undefined,123
undefined,undefined,123
undefined,undefined,123
undefined,undefined,123
undefined,undefined,123
undefined,undefined,123
undefined,undefined,123
undefined,undefined,123
undefined,undefined,123
undefined,undefined,123
undefined,undefined,123
undefined,undefined,123
undefined,undefined,123
undefined,undefined,123
undefined,undefined,123
undefined,undefined,123
undefined,undefined,123
undefined,undefined,123
undefined,undefined,123
undefined,undefined,123
undefined,undefined,123
undefined,undefined,123
undefined,undefined,123
undefined,undefined,123
undefined,undefined,123
undefined,undefined,123
undefined,undefined,123
undefined,undefined,123
undefined,undefined,123
undefined,undefined,123
undefined,undefined,123
undefined,undefined,123
undefined,undefined,123
undefined,undefined,123
undefined,undefined,123
undefined,undefined,123
undefined,undefined,123
undefined,undefined,123
undefined,undefined,123
undefined,undefined,123
undefined,undefined,123
undefined,undefined,123
undefined,undefined,123
undefined,undefined,123
undefined,undefined,123
undefined,undefined,123
undefined,undefined,123
undefined,undefined,123
undefined,undefined,123
undefined,undefined,123
undefined,undefined,123
undefined,undefined,123
undefined,undefined,123
undefined,undefined,123
undefined,undefined,123
undefined,undefined,123
undefined,undefined,123
undefined,undefined,123
undefined,undefined,123
undefined,undefined,123
undefined,undefined,123
undefined,undefined,123
undefined,undefined,123
undefined,undefined,123
undefined,undefined,123
undefined,undefined,123
undefined,undefined,123
undefined,undefined,123
undefined,undefined,123
undefined,undefined,123
undefined,undefined,123
undefined,undefined,123
undefined,undefined,123
undefined,undefined,123
undefined,undefined,123
undefined,undefined,123
undefined,undefined,123
undefined,undefined,123
undefined,undefined,123
undefined,undefined,123
undefined,undefined,123
undefined,undefined,123
undefined,undefined,123
undefined,undefined,123
undefined,undefined,123
undefined,undefined,123
undefined,undefined,123
undefined,undefined,123
undefined,undefined,123
undefined,undefined,123
undefined,undefined,123
undefined,undefined,123
undefined,undefined,123
undefined,undefined,123
undefined,undefined,123
undefined,undefined,123
undefined,undefined,123
undefined,undefined,123
undefined,undefined,123
undefined,undefined,123
undefined,undefined,123
undefined,undefined,123
undefined,undefined,123
undefined,undefined,123
undefined,undefined,123
undefined,undefined,123
undefined,undefined,123
undefined,undefined,123
undefined,undefined,123
undefined,undefined,123
undefined,undefined,123
undefined,undefined,123
undefined,undefined,123
undefined,undefined,123
undefined,undefined,123
undefined,undefined,123
undefined,undefined,123
undefined,undefined,123
undefined,undefined,123
undefined,undefined,123
undefined,undefined,123
undefined,undefined,123
undefined,undefined,123
undefined,undefined,123
undefined,undefined,123
undefined,undefined,123
undefined,undefined,123
undefined,undefined,123
undefined,undefined,123
undefined,undefined,123
undefined,undefined,123
undefined,undefined,123
undefined,undefined,123
undefined,undefined,123
undefined,undefined,123
undefined,undefined,123
undefined,undefined,123
undefined,undefined,123
undefined,undefined,123
undefined,undefined,123
undefined,undefined,123
undefined,undefined,123
undefined,undefined,123
undefined,undefined,123
undefined,undefined,123
undefined,undefined,123
undefined,undefined,123
undefined,undefined,123
undefined,undefined,123
undefined,undefined,123
undefined,undefined,123
undefined,undefined,123
undefined,undefined,123
undefined,undefined,123
undefined,undefined,123
undefined,undefined,123
undefined,undefined,123
undefined,undefined,123
undefined,undefined,123
undefined,undefined,123
undefined,undefined,123
undefined,undefined,123
undefined,undefined,123
undefined,undefined,123
undefined,undefined,123
undefined,undefined,123
undefined,undefined,123
undefined,undefined,123
undefined,undefined,123
undefined,undefined,123
undefined,undefined,123
undefined,undefined,123
undefined,undefined,123
undefined,undefined,123
undefined,undefined,123
undefined,undefined,123
undefined,undefined,123
undefined,undefined,123
undefined,undefined,123
undefined,undefined,123
undefined,undefined,123
undefined,undefined,123
undefined,undefined,123
undefined,undefined,123
undefined,undefined,123
undefined,undefined,123
undefined,undefined,123
undefined,undefined,123
undefined,undefined,123
undefined,undefined,123
undefined,undefined,123
undefined,undefined,123
undefined,undefined,123
undefined,undefined,123
undefined,undefined,123
undefined,undefined,123
undefined,undefined,123
undefined,undefined,123
undefined,undefined,123
undefined,undefined,123
undefined,undefined,123
undefined,undefined,123
undefined,undefined,123
undefined,undefined,123
undefined,undefined,123
undefined,undefined,123
undefined,undefined,123
undefined,undefined,123
undefined,undefined,123
undefined,undefined,123
undefined,undefined,123
undefined,undefined,123
undefined,undefined,123
undefined,undefined,123
undefined,undefined,123
undefined,undefined,123
undefined,undefined,123
undefined,undefined,123
undefined,undefined,123
undefined,undefined,123
undefined,undefined,123
undefined,undefined,123
undefined,undefined,123
undefined,undefined,123
undefined,undefined,123
undefined,undefined,123
undefined,undefined,123
undefined,undefined,123
undefined,undefined,123
undefined,undefined,123
undefined,undefined,123
undefined,undefined,123
undefined,undefined,123
undefined,undefined,123
undefined,undefined,123
undefined,undefined,123
undefined,undefined,123
undefined,undefined,123
undefined,undefined,123
undefined,undefined,123
undefined,undefined,123
undefined,undefined,123
undefined,undefined,123
undefined,undefined,123
undefined,undefined,123
undefined,undefined,123
undefined,undefined,123
undefined,undefined,123
undefined,undefined,123
undefined,undefined,123
undefined,undefined,123
undefined,undefined,123
undefined,undefined,123
undefined,undefined,123
undefined,undefined,123
undefined,undefined,123
undefined,undefined,123
undefined,undefined,123
undefined,undefined,123
undefined,undefined,123
undefined,undefined,123
undefined,undefined,123
undefined,undefined,123
undefined,undefined,123
undefined,undefined,123
undefined,undefined,123
undefined,undefined,123
undefined,undefined,123
undefined,undefined,123
undefined,undefined,123
undefined,undefined,123
undefined,undefined,123
undefined,undefined,123
undefined,undefined,123
undefined,undefined,123
undefined,undefined,123
undefined,undefined,123
undefined,undefined,123
undefined,undefined,123
undefined,undefined,123
undefined,undefined,123
undefined,undefined,123
undefined,undefined,123
undefined,undefined,123
undefined,undefined,123
undefined,undefined,123
undefined,undefined,123
undefined,undefined,123
undefined,undefined,123
undefined,undefined,123
undefined,undefined,123
undefined,undefined,123
undefined,undefined,123
undefined,undefined,123
undefined,undefined,123
undefined,undefined,123
undefined,undefined,123
undefined,undefined,123
undefined,undefined,123
undefined,undefined,123
undefined,undefined,123
undefined,undefined,123
undefined,undefined,123
undefined,undefined,123
undefined,undefined,123
undefined,undefined,123
undefined,undefined,123
undefined,undefined,123
undefined,undefined,123
undefined,undefined,123
undefined,undefined,123
undefined,undefined,123
undefined,undefined,123
undefined,undefined,123
undefined,undefined,123
undefined,undefined,123
undefined,undefined,123
undefined,undefined,123
undefined,undefined,123
undefined,undefined,123
undefined,undefined,123
undefined,undefined,123
undefined,undefined,123
undefined,undefined,123
undefined,undefined,123
undefined,undefined,123
undefined,undefined,123
undefined,undefined,123
undefined,undefined,123
undefined,undefined,123
undefined,undefined,123
undefined,undefined,123
undefined,undefined,123
undefined,undefined,123
undefined,undefined,123
undefined,undefined,123
undefined,undefined,123
undefined,undefined,123
undefined,undefined,123
undefined,undefined,123
undefined,undefined,123
undefined,undefined,123
undefined,undefined,123
undefined,undefined,123
undefined,undefined,123
undefined,undefined,123
undefined,undefined,123
undefined,undefined,123
undefined,undefined,123
undefined,undefined,123
undefined,undefined,123
undefined,undefined,123
undefined,undefined,123
undefined,undefined,123
undefined,undefined,123
undefined,undefined,123
undefined,undefined,123
undefined,undefined,123
undefined,undefined,123
undefined,undefined,123
undefined,undefined,123
undefined,undefined,123
undefined,undefined,123
undefined,undefined,123
undefined,undefined,123
undefined,undefined,123
undefined,undefined,123
undefined,undefined,123
undefined,undefined,123
undefined,undefined,123
undefined,undefined,123
undefined,undefined,123
undefined,undefined,123
undefined,undefined,123
undefined,undefined,123
undefined,undefined,123
undefined,undefined,123
undefined,undefined,123
undefined,undefined,123
undefined,undefined,123
undefined,undefined,123
undefined,undefined,123
undefined,undefined,123
undefined,undefined,123
undefined,undefined,123
undefined,undefined,123
undefined,undefined,123
undefined,undefined,123
undefined,undefined,123
undefined,undefined,123
undefined,undefined,123
undefined,undefined,123
undefined,undefined,123
undefined,undefined,123
undefined,undefined,123
undefined,undefined,123
undefined,undefined,123
undefined,undefined,123
undefined,undefined,123
undefined,undefined,123
undefined,undefined,123
undefined,undefined,123
undefined,undefined,123
undefined,undefined,123
undefined,undefined,123
undefined,undefined,123
undefined,undefined,123
undefined,undefined,123
undefined,undefined,123
undefined,undefined,123
undefined,undefined,123
undefined,undefined,123
undefined,undefined,123
undefined,undefined,123
undefined,undefined,123
undefined,undefined,123
undefined,undefined,123
undefined,undefined,123
undefined,undefined,123
undefined,undefined,123
undefined,undefined,123
undefined,undefined,123
undefined,undefined,123
undefined,undefined,123
undefined,undefined,123
undefined,undefined,123
undefined,undefined,123
undefined,undefined,123
undefined,undefined,123
undefined,undefined,123
undefined,undefined,123
undefined,undefined,123
undefined,undefined,123
undefined,undefined,123
undefined,undefined,123
undefined,undefined,123
undefined,undefined,123
undefined,undefined,123
undefined,undefined,123
undefined,undefined,123
undefined,undefined,123
undefined,undefined,123
undefined,undefined,123
undefined,undefined,123
undefined,undefined,123
undefined,undefined,123
undefined,undefined,123
undefined,undefined,123
undefined,undefined,123
undefined,undefined,123
undefined,undefined,123
undefined,undefined,123
undefined,undefined,123
undefined,undefined,123
undefined,undefined,123
undefined,undefined,123
undefined,undefined,123
undefined,undefined,123
undefined,undefined,123
undefined,undefined,123
undefined,undefined,123
undefined,undefined,123
undefined,undefined,123
undefined,undefined,123
undefined,undefined,123
undefined,undefined,123
undefined,undefined,123
undefined,undefined,123
undefined,undefined,123
undefined,undefined,123
undefined,undefined,123
undefined,undefined,123
undefined,undefined,123
undefined,undefined,123
undefined,undefined,123
undefined,undefined,123
undefined,undefined,123
undefined,undefined,123
undefined,undefined,123
undefined,undefined,123
undefined,undefined,123
undefined,undefined,123
undefined,undefined,123
undefined,undefined,123
undefined,undefined,123
undefined,undefined,123
undefined,undefined,123
undefined,undefined,123
undefined,undefined,123
undefined,undefined,123
undefined,undefined,123
undefined,undefined,123
undefined,undefined,123
undefined,undefined,123
undefined,undefined,123
undefined,undefined,123
undefined,undefined,123
undefined,undefined,123
undefined,undefined,123
undefined,undefined,123
undefined,undefined,123
undefined,undefined,123
undefined,undefined,123
undefined,undefined,123
undefined,undefined,123
undefined,undefined,123
undefined,undefined,123
undefined,undefined,123
undefined,undefined,123
undefined,undefined,123
undefined,undefined,123
undefined,undefined,123
undefined,undefined,123
undefined,undefined,123
undefined,undefined,123
undefined,undefined,123
undefined,undefined,123
undefined,undefined,123
undefined,undefined,123
undefined,undefined,123
undefined,undefined,123
undefined,undefined,123
undefined,undefined,123
undefined,undefined,123
undefined,undefined,123
undefined,undefined,123
undefined,undefined,123
undefined,undefined,123
undefined,undefined,123
undefined,undefined,123
undefined,undefined,123
undefined,undefined,123
undefined,undefined,123
undefined,undefined,123
undefined,undefined,123
undefined,undefined,123
undefined,undefined,123
undefined,undefined,123
undefined,undefined,123
undefined,undefined,123
undefined,undefined,123
undefined,undefined,123
undefined,undefined,123
undefined,undefined,123
undefined,undefined,123
undefined,undefined,123
undefined,undefined,123
undefined,undefined,123
undefined,undefined,123
undefined,undefined,123
undefined,undefined,123
undefined,undefined,123
undefined,undefined,123
undefined,undefined,123
undefined,undefined,123
undefined,undefined,123
undefined,undefined,123
undefined,undefined,123
undefined,undefined,123
undefined,undefined,123
undefined,undefined,123
undefined,undefined,123
undefined,undefined,123
undefined,undefined,123
undefined,undefined,123
undefined,undefined,123
undefined,undefined,123
undefined,undefined,123
undefined,undefined,123
undefined,undefined,123
undefined,undefined,123
undefined,undefined,123
undefined,undefined,123
undefined,undefined,123
undefined,undefined,123
undefined,undefined,123
undefined,undefined,123
undefined,undefined,123
undefined,undefined,123
undefined,undefined,123
undefined,undefined,123
undefined,undefined,123
undefined,undefined,123
undefined,undefined,123
undefined,undefined,123
undefined,undefined,123
undefined,undefined,123
undefined,undefined,123
undefined,undefined,123
undefined,undefined,123
undefined,undefined,123
undefined,undefined,123
undefined,undefined,123
undefined,undefined,123
undefined,undefined,123
undefined,undefined,123
undefined,undefined,123
undefined,undefined,123
undefined,undefined,123
undefined,undefined,123
undefined,undefined,123
undefined,undefined,123
undefined,undefined,123
undefined,undefined,123
undefined,undefined,123
undefined,undefined,123
undefined,undefined,123
undefined,undefined,123
undefined,undefined,123
undefined,undefined,123
undefined,undefined,123
undefined,undefined,123
undefined,undefined,123
undefined,undefined,123
undefined,undefined,123
undefined,undefined,123
undefined,undefined,123
undefined,undefined,123
undefined,undefined,123
undefined,undefined,123
undefined,undefined,123
undefined,undefined,123
undefined,undefined,123
undefined,undefined,123
undefined,undefined,123
undefined,undefined,123
undefined,undefined,123
undefined,undefined,123
